#threads,exec_time,speedup
1S,91.270533,1
1,92.337369,.988446
2,49.253227,1.853087
3,34.541275,2.642361
4,32.219675,2.832757
